{
    "mean": [
        439.3206787109375,
        623.2596435546875,
        599.888427734375
    ],
    "std": [
        606.1392822265625,
        612.57177734375,
        702.5383911132812
    ]
}